image,venue,city,state,team,conference,capacity,opened,ref,latitude,longitude
,Varsity Field,Albany,NY,Albany,America East,500,c.1980,[1],42.67857009999999,-73.82374450000002
,Binghamton Baseball Stadium Complex,Vestal,NY,Binghamton,America East,1906,2022,[2],42.0937917,-75.9746098
,Conaty Park,Smithfield,RI,Bryant,America East,500,2012,,41.925608,-71.5385642
,Mahaney Diamond,Orono,ME,Maine,America East,4400,Early 1980s,[3],44.9049299,-68.6697723
,Jim Hynes Stadium,Union Township,NJ,NJIT,America East,700,2000,[4],40.6807905,-74.2401254
,Edward A. LeLacheur Park,Lowell,MA,UMass Lowell,America East,4767,1998,[5],42.6536112,-71.31783030000001
,The Baseball Factory Field at UMBC,Catonsville,MD,UMBC,America East,1000,N/A(Renovated 2004),[6],39.2495837,-76.7085788
,Robert and Mariam Hayes Stadium,Charlotte,NC,Charlotte,The American,4100,1994,,35.3081149,-80.7390641
,Clark–LeClair Stadium,Greenville,NC,East Carolina,The American,5000,2005,,35.5929511,-77.3671406
,FAU Baseball Stadium,Boca Raton,FL,Florida Atlantic,The American,2000,1991,,26.3702709,-80.1095751
,FedExPark,Memphis,TN,Memphis,The American,2000,1972,,35.1021359,-89.9255848
,Reckling Park,Houston,TX,Rice,The American,6193,2000,,29.7132708,-95.404089
,USF Baseball Stadium,Tampa,FL,South Florida,The American,3211,2011,,28.059087,-82.4041421
,Greer Field at Turchin Stadium,New Orleans,LA,Tulane,The American,5000,1991(destroyed in 2005 by Hurricane Katrina; rebuilt and reopened in 2007),,29.9462748,-90.1155605
,Jerry D. Young Memorial Field,Birmingham,AL,UAB,The American,1000,1984,,33.4984935,-86.8105794
,Roadrunner Field,San Antonio,TX,UTSA,The American,800,1993,,29.5837677,-98.6226913
,Eck Stadium,Wichita,KS,Wichita State,The American,8153,1978(Renovated 2009),[7],37.721955,-97.2881177
,Raymond C. Hand Park,Clarksville,TN,Austin Peay,ASUN,"1,000+",1970(Several renovations),[8],36.5380536,-87.3562753
,Knights Field,Louisville,KY,Bellarmine,ASUN,—,1954,,38.2168873,-85.7056446
,Bear Stadium,Conway,AR,Central Arkansas,ASUN,1000,2009,,35.0832533,-92.459899
,Turkey Hughes Field,Richmond,KY,Eastern Kentucky,ASUN,500,1960s(Renovated 2009),[9],37.7361549,-84.2998257
,Swanson Stadium,Fort Myers,FL,Florida Gulf Coast,ASUN,1500,2004,,26.4709503,-81.7632771
,John Sessions Stadium,Jacksonville,FL,Jacksonville,ASUN,3000,—,,30.3514645,-81.6074572
,Fred Stillwell Stadium,Kennesaw,GA,Kennesaw State,ASUN,1200,1984,,34.0337869,-84.58168599999999
,Ken Dugan Field at Stephen Lee Marsh Stadium,Nashville,TN,Lipscomb,ASUN,1500,1991,,36.102381,-86.7987828
,Mike D. Lane Field,Florence,AL,North Alabama,ASUN,—,1984(?),[10],34.8097585,-87.6853515
,Harmon Stadium,Jacksonville,FL,North Florida,ASUN,1000,1993,,30.2750305,-81.5083789
,Tuckaseegee Dream Fields,Charlotte,NC,Queens,ASUN,—,—,,35.2458229,-80.9540557
,Melching Field at Conrad Park,DeLand,FL,Stetson,ASUN,2500,1999,,29.0198191,-81.3018907
,Eddie Pellagrini Diamond,Boston,MA,Boston College,Atlantic Coast,2500,2018,,42.3439019,-71.1597951
,Doug Kingsmore Stadium,Clemson,SC,Clemson,Atlantic Coast,6217,1970,,34.6787794,-82.8493165
,Jack Coombs Field,Durham,NC,Duke,Atlantic Coast,2000,1931,,35.9980856,-78.94423610000001
,Mike Martin Field at Dick Howser Stadium,Tallahassee,FL,Florida State,Atlantic Coast,6700,1983,,30.4405434,-84.3040448
,Russ Chandler Stadium,Atlanta,GA,Georgia Tech,Atlantic Coast,4157,1930,,33.777639,-84.3945457
,Jim Patterson Stadium,Louisville,KY,Louisville,Atlantic Coast,4000,2005,,38.2055156,-85.7628651
,Alex Rodriguez Park at Mark Light Field,Coral Gables,FL,Miami (FL),Atlantic Coast,5000,1973,,25.7120599,-80.2822951
,Boshamer Stadium,Chapel Hill,NC,North Carolina,Atlantic Coast,5000,1972,,35.9063145,-79.0427441
,Doak Field,Raleigh,NC,North Carolina State,Atlantic Coast,3000,1966,,35.7873196,-78.67968619999999
,Frank Eck Stadium,Notre Dame,IN,Notre Dame,Atlantic Coast,2500,1994,,41.69628489999999,-86.2280772
,Charles L. Cost Field,Pittsburgh,PA,Pittsburgh,Atlantic Coast,900,2011,,40.4453267,-79.96617499999999
,Davenport Field at Disharoon Park,Charlottesville,VA,Virginia,Atlantic Coast,5500,2000,,38.0457546,-78.513342
,English Field,Blacksburg,VA,Virginia Tech,Atlantic Coast,4000,1989,,37.217839,-80.4233407
,David F. Couch Ballpark,Winston-Salem,NC,Wake Forest,Atlantic Coast,3823,1956,,36.1298712,-80.25185549999999
,T. Henry Wilson Jr. Field,Davidson,NC,Davidson,Atlantic 10,700,1967,,35.5042846,-80.84096699999999
,Woerner Field,Dayton,OH,Dayton,Atlantic 10,500,2004,,39.7346059,-84.203193
,Jim Houlihan Park at Jack Coffey Field,Bronx,NY,Fordham,Atlantic 10,500,2005,,40.8610552,-73.8826819
,Spuhler Field,Fairfax,VA,George Mason,Atlantic 10,900,1986,,38.8345236,-77.3179345
,Barcroft Park,Arlington,VA,George Washington,Atlantic 10,500,1993,,38.8487929,-77.1019917
,Earl Lorden Field,Amherst,MA,Massachusetts,Atlantic 10,1000,1971,,42.3904634,-72.53522509999999
,Bill Beck Field,Kingston,RI,Rhode Island,Atlantic 10,1000,1966,,41.4853993,-71.5379962
,Malcolm U. Pitt Field,Richmond,VA,Richmond,Atlantic 10,600,—,,37.5792523,-77.5409492
,Fred Handler Park,St. Bonaventure,NY,St. Bonaventure,Atlantic 10,500,1958,,42.0787798,-78.4863931
,Smithson Field,Merion Station,PA,Saint Joseph's,Atlantic 10,400,2012,,39.9957095,-75.2454395
,Billiken Sports Center,St. Louis,MO,Saint Louis,Atlantic 10,500,1990,,38.633037,-90.2280031
,The Diamond,Richmond,VA,VCU,Atlantic 10,12134,1985,,37.5717224,-77.4632055
,Bulldog Park,Indianapolis,IN,Butler,Big East,500,—,,39.846334,-86.16847899999999
,TD Ameritrade Park Omaha,Omaha,NE,Creighton,Big East,24505,2011,,41.2667611,-95.9314596
,Shirley Povich Field,Bethesda,MD,Georgetown,Big East,1500,2000,,39.0310113,-77.1509487
,"Mike Sheppard, Sr. Stadium at Owen T. Carroll Field",South Orange,NJ,Seton Hall,Big East,261,1907,,40.7406714,-74.2481949
,Jack Kaiser Stadium,Queens,NY,St. John's,Big East,3500,2000,,40.7236818,-73.79149869999999
,Elliot Ballpark,Storrs,CT,UConn,Big East,"1,500[11]",2021[a],,41.8006501,-72.2536518
,Villanova Ballpark at Plymouth,Plymouth Meeting,PA,Villanova,Big East,1500,2003,,40.1236506,-75.28940349999999
,J. Page Hayden Field,Cincinnati,OH,Xavier,Big East,500,1920s,,39.1499423,-84.47648939999999
,Buccaneer Ballpark,North Charleston,SC,Charleston Southern,Big South,1500,—,,32.9836917,-80.06701629999999
,John Henry Moss Stadium,Boiling Springs,NC,Gardner-Webb,Big South,700,2010,,35.24377,-81.669082
,George S. Erath Field at Coy O. Williard Baseball Stadium,High Point,NC,High Point,Big South,550,2007,,35.9751648,-79.9958441
,Bolding Stadium,Farmville,VA,Longwood,Big South,500,1994,,37.2938185,-78.39613179999999
,Presbyterian Baseball Complex,Clinton,SC,Presbyterian,Big South,500,1988,,34.4611425,-81.8640922
,Radford Baseball Stadium,Radford,VA,Radford,Big South,700,1986,,37.1367865,-80.53917539999999
,Greenwood Baseball Field,Asheville,NC,UNC Asheville,Big South,300,1988,,35.6168426,-82.57071549999999
,Cleveland S. Harley Baseball Park,Spartanburg,SC,USC Upstate,Big South,500,2004,,35.0023536,-81.9653883
,Winthrop Ballpark,Rock Hill,SC,Winthrop,Big South,1800,2007,,34.9460337,-81.01941169999999
,Illinois Field,Champaign,IL,Illinois,Big Ten,3000,1988,,40.0971217,-88.2294574
,Bart Kaufman Field,Bloomington,IN,Indiana,Big Ten,2500,2013,,39.1848834,-86.5223836
,Duane Banks Field,Iowa City,IA,Iowa,Big Ten,3000,1974,,41.663778,-91.5546047
,Shipley Field,College Park,MD,Maryland,Big Ten,2500,1965,,38.9894267,-76.9443211
,Ray Fisher Stadium,Ann Arbor,MI,Michigan,Big Ten,4000,1923,,42.26786209999999,-83.7420671
,Drayton McLane Baseball Stadium at John H. Kobs Field,East Lansing,MI,Michigan State,Big Ten,4600,1902,,42.7323431,-84.4884579
,Siebert Field,Minneapolis,MN,Minnesota,Big Ten,1500,1971,,44.98218970000001,-93.22924549999999
,Haymarket Park,Lincoln,NE,Nebraska,Big Ten,8500,2001,,40.822845,-96.7131624
,Rocky Miller Park,Evanston,IL,Northwestern,Big Ten,600,1943,,42.0680471,-87.69251799999999
,Bill Davis Stadium,Columbus,OH,Ohio State,Big Ten,4450,1997,,40.0099182,-83.0259088
,Medlar Field at Lubrano Park,University Park,PA,Penn State,Big Ten,5406,2006,,40.812278,-77.85242459999999
,Alexander Field,West Lafayette,IN,Purdue,Big Ten,1500,2013,,40.4372183,-86.9421323
,Bainton Field,Piscataway,NJ,Rutgers,Big Ten,1500,2007,,40.5276451,-74.4424057
,Baylor Ballpark,Waco,TX,Baylor,Big 12,5000,1999,,31.5509941,-97.1075414
,Larry H. Miller Field,Provo,UT,BYU,Big 12,2710,2001,,40.2547328,-111.6513737
,UC Baseball Stadium,Cincinnati,OH,Cincinnati,Big 12,3085,2004,[12],39.1302033,-84.5137747
,Schroeder Park,Houston,TX,Houston,Big 12,5000,1995,,29.7267987,-95.3453574
,Hoglund Ballpark,Lawrence,KS,Kansas,Big 12,2500,1958,,38.9527426,-95.252621
,Tointon Family Stadium,Manhattan,KS,Kansas State,Big 12,2331,1961,,39.1992239,-96.59697349999999
,L. Dale Mitchell Baseball Park,Norman,OK,Oklahoma,Big 12,3180,1982,,35.1908778,-97.4460294
,O'Brate Stadium,Stillwater,OK,Oklahoma State,Big 12,"3,500[13]",2021[a],,36.1310616,-97.06874529999999
,UFCU Disch–Falk Field,Austin,TX,Texas,Big 12,7373,1975,[14],30.2799584,-97.7261606
,Lupton Stadium,Fort Worth,TX,TCU,Big 12,4500,2003,,32.7027992,-97.3721802
,Dan Law Field at Rip Griffin Park,Lubbock,TX,Texas Tech,Big 12,4368,1926(Renovated 2012),,33.5884529,-101.8765955
,John Euliano Park,Orlando,FL,UCF,Big 12,3600,2001,,28.6090475,-81.1953991
,Monongalia County Ballpark,Granville,WV,West Virginia,Big 12,3500,2015,,39.6436986,-79.9958649
,Robin Baggett Stadium,San Luis Obispo,CA,Cal Poly,Big West,1534,2001,,35.3069122,-120.6651058
,Hardt Field,Bakersfield,CA,Cal State Bakersfield,Big West,900,2009,,35.3473891,-119.1076226
,Goodwin Field,Fullerton,CA,Cal State Fullerton,Big West,3500,1992,,33.887139,-117.8853105
,Matador Field,Northridge,CA,Cal State Northridge,Big West,1200,1961,,34.2452183,-118.5270635
,Les Murakami Stadium,Honolulu,HI,Hawaii,Big West,4312,1984,,21.2932221,-157.8160896
,Blair Field,Long Beach,CA,Long Beach State,Big West,3283,1958,,33.7783672,-118.1388338
,Dobbins Stadium,Davis,CA,UC Davis,Big West,3500,1986,,38.5452508,-121.7482471
,Cicerone Field at Anteater Ballpark,Irvine,CA,UC Irvine,Big West,2900,2002,,33.65123700000001,-117.8479574
,Riverside Sports Complex,Riverside,CA,UC Riverside,Big West,2500,—,,33.9822596,-117.3329542
,Triton Ballpark,La Jolla,CA,UC San Diego,Big West,1200,—,,32.8809124,-117.2261784
,Caesar Uyesaka Stadium,Santa Barbara,CA,UC Santa Barbara,Big West,1000,1964,,34.4190504,-119.8523306
,Jim Perry Stadium,Buies Creek,NC,Campbell,Colonial Athletic,630,2013,,35.409888,-78.73516269999999
,CofC Baseball Stadium at Patriot's Point,Mount Pleasant,SC,Charleston,Colonial Athletic,2000,2001,,32.7952232,-79.9022674
,Bob Hannah Stadium,Newark,DE,Delaware,Colonial Athletic,1300,2000,,39.6634961,-75.7475911
,Walter C. Latham Park,Elon,NC,Elon,Colonial Athletic,2000,2001,,36.1085926,-79.50734240000001
,University Field,Hempstead,NY,Hofstra,Colonial Athletic,400,2000,,40.7206766,-73.5986101
,Monmouth Baseball Field,West Long Branch,NJ,Monmouth,Colonial Athletic,—,—,,40.2785644,-74.0093541
,World War Memorial Stadium,Greensboro,NC,North Carolina A&T,Colonial Athletic,7500,1928,,36.0796511,-79.77833439999999
,Parsons Field,Brookline,MA,Northeastern,Colonial Athletic,3000,1933,,42.33735859999999,-71.114047
,Joe Nathan Field,Stony Brook,NY,Stony Brook,Colonial Athletic,1000,1967(Renovated 2011),[15],40.9235662,-73.12233789999999
,John B. Schuerholz Baseball Complex,Towson,MD,Towson,Colonial Athletic,500,2001,,39.3949845,-76.6137818
,Brooks Field,Wilmington,NC,UNC Wilmington,Colonial Athletic,3000,1989,,34.2215559,-77.8733336
,Plumeri Park,Williamsburg,VA,William & Mary,Colonial Athletic,1000,1999,,37.2898694,-76.7326011
,Horner Ballpark,Dallas,TX,Dallas Baptist,Conference USA,2000,2013,[16],32.711911,-96.94536199999999
,FIU Baseball Stadium,Miami,FL,FIU,Conference USA,2000,1996,,25.7525026,-80.37789389999999
,Rudy Abbott Field,Jacksonville,AL,Jacksonville State,Conference USA,1500,1995,[17],33.8255285,-85.7769948
,Liberty Baseball Stadium,Lynchburg,VA,Liberty,Conference USA,2500,2013,,37.3566079,-79.1770343
,J. C. Love Field at Pat Patterson Park,Ruston,LA,Louisiana Tech,Conference USA,3000,1971,,32.5299525,-92.6511967
,Reese Smith Jr. Field,Murfreesboro,TN,Middle Tennessee,Conference USA,2600,1979,,35.8512666,-86.3665035
,Presley Askew Field,Las Cruces,NM,New Mexico State,Conference USA,1000,1982,,32.2790299,-106.7442164
,Don Sanders Stadium,Huntsville,TX,Sam Houston,Conference USA,1164,2006,,30.7134961,-95.5398989
,Nick Denes Field,Bowling Green,KY,Western Kentucky,Conference USA,1500,1968,,36.983269,-86.4609476
,Routine Field,Franklin,WI,Milwaukee,Horizon,4000,2019,,42.917746,-88.01538529999999
,Bill Aker Baseball Complex,Highland Heights,KY,Northern Kentucky,Horizon,500,2001,,39.0283938,-84.4646546
,Oakland Baseball Field,Rochester,MI,Oakland,Horizon,500,—,,42.6736629,-83.21072219999999
,Mastodon Field,Fort Wayne,IN,Purdue Fort Wayne,Horizon,200,—,,41.1188415,-85.1032027
,Nischwitz Stadium,Dayton,OH,Wright State,Horizon,750,1993,,39.7853674,-84.04752710000001
,Eastwood Field,Niles,OH,Youngstown State,Horizon,6000,1999,,41.2186447,-80.755027
,Murray Stadium,Providence,RI,Brown,Ivy,1000,1959,,41.8309152,-71.39383149999999
,Robertson Field at Satow Stadium,New York,NY,Columbia,Ivy,360,1921,,40.8738988,-73.91522320000001
,Hoy Field,Ithaca,NY,Cornell,Ivy,500,1922,,42.4441242,-76.4807209
,Red Rolfe Field at Biondi Park,Hanover,NH,Dartmouth,Ivy,"2,000[18]",2008(@ pre-existing field),,43.7018824,-72.2827135
,Joseph J. O'Donnell Field,Allston,MA,Harvard,Ivy,1600,1898,,42.36720340000001,-71.1285889
,Meiklejohn Stadium,Philadelphia,PA,Penn,Ivy,850,1999,,39.9439966,-75.194052
,Bill Clarke Field,Princeton,NJ,Princeton,Ivy,850,1961,,40.3463317,-74.6482774
,Yale Field,West Haven,CT,Yale,Ivy,6200,1928,,41.3090073,-72.9592516
,Demske Sports Complex,Buffalo,NY,Canisius,Metro Atlantic,1200,1989,,42.9210419,-78.8577028
,Alumni Baseball Diamond,Fairfield,CT,Fairfield,Metro Atlantic,1000,2001,,41.1637788,-73.2585124
,City Park,New Rochelle,NY,Iona,Metro Atlantic,—,—,,40.9300124,-73.7707671
,Van Cortlandt Park,Bronx,NY,Manhattan,Metro Atlantic,3000,1888,,40.8972233,-73.8860668
,James J. McCann Baseball Field,Poughkeepsie,NY,Marist,Metro Atlantic,350,1992,,41.7179485,-73.9344524
,Straw Family Stadium,Emmitsburg,MD,Mount St. Mary's,Metro Atlantic,500,2007,,39.6786527,-77.3445746
,Bobo Field,Lewiston,NY,Niagara,Metro Atlantic,—,—,,43.1365922,-79.02988309999999
,Quinnipiac Baseball Field,Hamden,CT,Quinnipiac,Metro Atlantic,—,—,,41.4205126,-72.8912196
,Sonny Pittaro Field,Lawrenceville,NJ,Rider,Metro Atlantic,2000,—,,40.2824299,-74.7465084
,Siena Baseball Field,Loudonville,NY,Siena,Metro Atlantic,500,1950s,,42.7187596,-73.7499211
,Joseph J. Jaroschak Field,Jersey City,NJ,Saint Peter's,Metro Atlantic,500,1990,,40.7265603,-74.0935298
,Lee R. Jackson Field,Akron,OH,Akron,Mid-American,1500,1967,,41.0742244,-81.512838
,Ball Diamond,Muncie,IN,Ball State,Mid-American,1700,—,,40.2176773,-85.4216732
,Steller Field,Bowling Green,OH,Bowling Green,Mid-American,2500,1964,,41.3808751,-83.6284529
,Bill Theunissen Stadium,Mount Pleasant,MI,Central Michigan,Mid-American,2042,2002,,43.575883,-84.779155
,Oestrike Stadium,Ypsilanti,MI,Eastern Michigan,Mid-American,2500,1971,,42.2573881,-83.6487222
,Olga Mural Field at Schoonover Stadium,Kent,OH,Kent State,Mid-American,1148,2005,,41.1359576,-81.34254849999999
,Stanley G. McKie Field at Joseph P. Hayden Jr. Park,Oxford,OH,Miami (Ohio),Mid-American,1000,2002,,39.5127001,-84.73315269999999
,Ralph McKinzie Field,DeKalb,IL,Northern Illinois,Mid-American,1500,1965,,41.9347219,-88.7799009
,Bob Wren Stadium,Athens,OH,Ohio,Mid-American,4000,1998,,39.3246222,-82.1084233
,Scott Park Baseball Complex,Toledo,OH,Toledo,Mid-American,1000,—,,41.638412,-83.59611000000001
,Hyames Field,Kalamazoo,MI,Western Michigan,Mid-American,1500,1939,,42.2849981,-85.602525
,E. S. Rose Park,Nashville,TN,Belmont,Missouri Valley,750,2011,[19],36.143457,-86.7831437
,Dozer Park,Peoria,IL,Bradley,Missouri Valley,7500,2002,[20],40.6876052,-89.5975345
,Charles H. Braun Stadium,Evansville,IN,Evansville,Missouri Valley,"1,200+",—,[21],37.9760469,-87.5331829
,Duffy Bass Field,Normal,IL,Illinois State,Missouri Valley,"1,000+",1988(Renovated 2008),[22],40.5153211,-88.9992329
,Bob Warn Field at Sycamore Stadium,Terre Haute,IN,Indiana State,Missouri Valley,2000,1978,[23],39.4788556,-87.4161037
,Hammons Field,Springfield,MO,Missouri State,Missouri Valley,10476,2004,[24],37.2115106,-93.2794258
,Reagan Field,Murray,KY,Murray State,Missouri Valley,800,1989(Renovated 2006),[25],36.6233693,-88.31740119999999
,Abe Martin Field,Carbondale,IL,Southern Illinois,Missouri Valley,2000,1964(Renovated 2011),[26],37.7046162,-89.2206542
,Les Miller Field at Curtis Granderson Stadium,Chicago,IL,UIC,Missouri Valley,1000,1996,,41.8654527,-87.6488105
,Emory G. Bauer Field,Valparaiso,IN,Valparaiso,Missouri Valley,500,1970,,41.4607871,-87.03259899999999
,Falcon Baseball Field,Colorado Springs,CO,Air Force,Mountain West,1000,1957,,38.9970678,-104.8435166
,Pete Beiden Field at Bob Bennett Stadium,Fresno,CA,Fresno State,Mountain West,5757,1966,,36.8136886,-119.7559231
,William Peccole Park,Reno,NV,Nevada,Mountain West,3000,1988,,39.5482731,-119.8127651
,Santa Ana Star Field,Albuquerque,NM,New Mexico,Mountain West,1000,late 1960s,,35.0651231,-106.6324424
,Tony Gwynn Stadium,San Diego,CA,San Diego State,Mountain West,3000,1997,,32.774026,-117.0788554
,San Jose Municipal Stadium,San Jose,CA,San Jose State,Mountain West,4200,1942,,37.3204351,-121.8623634
,Earl Wilson Stadium,Paradise,NV,UNLV,Mountain West,2500,1994,,36.11142359999999,-115.1476542
,Balf–Savin Field,New Britain,CT,Central Connecticut,Northeast,500,2010,,41.6965891,-72.75977280000001
,Joe Cannon Stadium,Hanover,MD,Coppin State,Northeast,1500,1990,,39.1532505,-76.7159609
,Soldier Field,Dover,DE,Delaware State,Northeast,500,1958,,39.1844672,-75.5460477
,Naimoli Family Baseball Complex,Teaneck,NJ,Fairleigh Dickinson,Northeast,500,2011,,40.9016254,-74.0278848
,LIU Baseball Stadium,Brookville,NY,LIU,Northeast,—,—,,40.813847,-73.59015769999999
,Hawk Stadium,Princess Anne,MD,Maryland Eastern Shore,Northeast,1000,2008,,38.21137100000001,-75.6872167
,Greater Lawrence Technical High School Field,Andover,MA,Merrimack,Northeast,—,1974,,42.6927278,-71.1954518
,Marty L. Miller Field,Norfolk,VA,Norfolk State,Northeast,1500,1997,,36.8465964,-76.2634807
,Veterans Memorial Park,Bridgeport,CT,Sacred Heart,Northeast,500,2009,,41.2168112,-73.2308288
,Lou Gorman Field,Easton,MA,Stonehill,Northeast,—,—,,42.0585807,-71.08355800000001
,Richmond County Bank Ballpark,Staten Island,NY,Wagner,Northeast,7171,2001,,40.6455625,-74.07719349999999
,Coaches Stadium at Monier Field,Charleston,IL,Eastern Illinois,Ohio Valley,500,1982(renovated 2002),[27],39.4780632,-88.18078589999999
,Lou Brock Sports Complex,St. Charles,MO,Lindenwood,Ohio Valley,700,2015,,38.787441,-90.5066866
,Gary Hogan Field,Little Rock,AR,Little Rock,Ohio Valley,2550,1978,,34.7293237,-92.3301163
,Allen Field,Morehead,KY,Morehead State,Ohio Valley,1000,1973,[28],38.192972,-83.4260559
,Roy E. Lee Field at Simmons Baseball Complex,Edwardsville,IL,SIU Edwardsville,Ohio Valley,1500,1972(Renovated 2014),[29],38.7988051,-90.01792660000001
,Capaha Field,Cape Girardeau,MO,Southeast Missouri State,Ohio Valley,2000,Late 1920s/early 1930s(Renovated 2006),[30],37.3133343,-89.5367522
,USI Baseball Field,Evansville,IN,Southern Indiana,Ohio Valley,1200,1974,,37.9588487,-87.6716699
,Bush Stadium at Averitt Express Baseball Complex,Cookeville,TN,Tennessee Tech,Ohio Valley,1100,1978,[31],36.1775846,-85.5139078
,Skyhawk Baseball Field,Martin,TN,UT Martin,Ohio Valley,500,1974,[32],36.3423692,-88.871321
,Alfred D. Boyer Stadium,Macomb,IL,Western Illinois,Ohio Valley,500,2006,,40.4733114,-90.68634899999999
,Hi Corbett Field,Tucson,AZ,Arizona,Pac-12,9500,1927,,32.2129525,-110.9197125
,Phoenix Municipal Stadium,Phoenix,AZ,Arizona State,Pac-12,8775,1964,,33.4492164,-111.9547754
,Evans Diamond,Berkeley,CA,California,Pac-12,2500,1933,,37.8694247,-122.2633963
,PK Park,Eugene,OR,Oregon,Pac-12,4000,2009,,44.0590435,-123.0654476
,Goss Stadium at Coleman Field,Corvallis,OR,Oregon State,Pac-12,3248,1907,,44.562842,-123.2771362
,Klein Field at Sunken Diamond,Stanford,CA,Stanford,Pac-12,4000,1931,,37.43173,-122.1587444
,Jackie Robinson Stadium,Los Angeles,CA,UCLA,Pac-12,1820,1981,[33],34.0592278,-118.4592393
,Dedeaux Field,Los Angeles,CA,USC,Pac-12,2500,1974,,34.0238376,-118.2898635
,Smith's Ballpark,Salt Lake City,UT,Utah,Pac-12,15411,1994,,40.7405609,-111.8926506
,Husky Ballpark,Seattle,WA,Washington,Pac-12,2200,1998 (Renovated 2014),[34],47.6543873,-122.2983402
,Bailey–Brayton Field,Pullman,WA,Washington State,Pac-12,3500,1980,,46.7351232,-117.1553272
,Johnson Stadium at Doubleday Field,West Point,NY,Army,Patriot,880,1939,,41.3923998,-73.9547362
,Eugene B. Depew Field,Lewisburg,PA,Bucknell,Patriot,500,1999,,40.9522968,-76.891548
,Hanover Insurance Park at Fitton Field,Worcester,MA,Holy Cross,Patriot,3000,1905,,42.2409839,-71.81135700000002
,Kamine Stadium,Forks Township,PA,Lafayette,Patriot,500,1960s,,40.7378009,-75.238322
,J. David Walker Field at Legacy Park,Bethlehem,PA,Lehigh,Patriot,500,2015,,40.5830947,-75.358161
,Terwilliger Brothers Field at Max Bishop Stadium,Annapolis,MD,Navy,Patriot,1500,1962,,38.986881,-76.4948154
,Sewell–Thomas Stadium,Tuscaloosa,AL,Alabama,Southeastern,8500,"1948closed 2015, rebuilt 2016",,33.2048713,-87.53862099999999
,Baum–Walker Stadium,Fayetteville,AR,Arkansas,Southeastern,13472,1996,,36.0498883,-94.1822406
,Samford Stadium – Hitchcock Field at Plainsman Park,Auburn,AL,Auburn,Southeastern,4096,1950rebuilt 1996,,32.5996377,-85.48956489999999
,Florida Ballpark,Gainesville,FL,Florida,Southeastern,7000,2021,[35],29.6364107,-82.3637638
,Foley Field,Athens,GA,Georgia,Southeastern,3291,1966renovated 2015,,33.9408739,-83.37970969999999
,Kentucky Proud Park,Lexington,KY,Kentucky,Southeastern,5000,2018,[36],38.0186731,-84.5035386
,"Alex Box Stadium, Skip Bertman Field",Baton Rouge,LA,LSU,Southeastern,10326,2009,https://lsusports.net/facilities/alex-box-stadium/,30.4056564,-91.1879038
,Swayze Field,Oxford,MS,Mississippi,Southeastern,"11,000+","1948rebuilt 1989, renovated 2010, renovated 2018",,34.362399,-89.52882559999999
,"Dudy Noble Field, Polk–DeMent Stadium",Starkville,MS,Mississippi State,Southeastern,15000,"1967rebuilt 1987, renovated 2001, rebuilt 2019",,33.4630609,-88.7940698
,Taylor Stadium,Columbia,MO,Missouri,Southeastern,3031,2002,,38.9355047,-92.3386596
,Founders Park,Columbia,SC,South Carolina,Southeastern,8242,2009,,33.9865404,-81.042621
,Lindsey Nelson Stadium,Knoxville,TN,Tennessee,Southeastern,4387,1959rebuilt 1993,,35.949736,-83.92927000000002
,Olsen Field at Blue Bell Park,College Station,TX,Texas A&M,Southeastern,6100,1978renovated 2014,,30.6060601,-96.3413557
,Hawkins Field,Nashville,TN,Vanderbilt,Southeastern,3626,2002,,36.1433984,-86.8073934
,Joseph P. Riley Jr. Park,Charleston,SC,The Citadel,Southern,6000,1997,,32.790528,-79.9613184
,Thomas Stadium,Johnson City,TN,East Tennessee State,Southern,1000,2012,,36.3098832,-82.3634988
,Claude Smith Field,Macon,GA,Mercer,Southern,500,—,,32.8279324,-83.65355679999999
,Joe Lee Griffin Stadium,Homewood,AL,Samford,Southern,1000,—,,33.462803,-86.7967674
,UNCG Baseball Stadium,Greensboro,NC,UNC Greensboro,Southern,3500,1999,,36.0676561,-79.8133738
,Hennon Stadium,Cullowhee,NC,Western Carolina,Southern,1500,1978,,35.3006808,-83.1808101
,Gray–Minor Stadium,Lexington,VA,VMI,Southern,1400,2007,,37.7926097,-79.4400745
,Russell C. King Field,Spartanburg,SC,Wofford,Southern,2500,2004,,34.9588822,-81.9307341
,Husky Field,Houston,TX,Houston Christian,Southland,500,1993,[37],29.6924131,-95.5133115
,Daniel Sullivan Field,San Antonio,TX,Incarnate Word,Southland,1000,1989,,29.4686104,-98.47078560000001
,Vincent–Beck Stadium,Beaumont,TX,Lamar,Southland,3500,1969(Renovated 2006following Hurricane Rita),[38][39],30.0346661,-94.07477519999999
,Joe Miller Ballpark,Lake Charles,LA,McNeese,Southland,2000,1965,,30.1728322,-93.2135598
,Maestri Field at Privateer Park,New Orleans,LA,New Orleans,Southland,2900,1979(Renovation 2013),[40],30.0304884,-90.0470967
,Ben Meyer Diamond at Ray E. Didier Field,Thibodaux,LA,Nicholls,Southland,3200,1960,,29.7857095,-90.8021236
,H. Alvin Brown–C. C. Stroud Field,Natchitoches,LA,Northwestern State,Southland,1200,1939,,31.7922682,-93.13146669999999
,Pat Kenelly Diamond at Alumni Field,Hammond,LA,Southeastern Louisiana,Southland,2500,1992,,30.5095415,-90.4706791
,Chapman Field,Corpus Christi,TX,Texas A&M–Corpus Christi,Southland,750,2002Major renovation 2012,[41],27.709946,-97.3245836
,Bulldog Field,Normal,AL,Alabama A&M,SWAC,500,1997,,34.7803796,-86.5784764
,Wheeler–Watkins Baseball Complex,Montgomery,AL,Alabama State,SWAC,500,2011,,32.3603134,-86.2884093
,Foster Baseball Field at McGowan Stadium,Lorman,MS,Alcorn State,SWAC,500,2010,,31.8754612,-91.1375647
,Torii Hunter Baseball/Softball Complex,Pine Bluff,AR,Arkansas–Pine Bluff,SWAC,1000,2009-11,,34.2547488,-92.016871
,Radiology Associates Field at Jackie Robinson Ballpark,Daytona,FL,Bethune–Cookman[b],SWAC,4200,1914,,29.2092654,-81.0159085
,Moore–Kittles Field,Tallahassee,FL,Florida A&M,SWAC,500,1983,,30.4191944,-84.291012
,Wilbert Ellis Field at Ralph Waldo Emerson Jones Park,Grambling,LA,Grambling,SWAC,1100,2002,,32.5255723,-92.709302
,Braddy Field,Jackson,MS,Jackson State,SWAC,800,2006,,32.2967442,-90.20095049999999
,Magnolia Field,Itta Bena,MS,Mississippi Valley State,SWAC,200,1950,,33.5099142,-90.3448135
,John W. Tankersley Field,Prairie View,TX,Prairie View A&M,SWAC,512,—,[43],,
,Lee–Hines Field,Baton Rouge,LA,Southern,SWAC,1500,1992,,30.5207121,-91.1843378
,MacGregor Park,Houston,TX,Texas Southern,SWAC,500,—,,29.7105806,-95.3391707
,Newman Outdoor Field,Fargo,ND,North Dakota State,Summit,4513,1996,,46.8987317,-96.8037343
,Jackson Field,Greeley,CO,Northern Colorado,Summit,1500,1928,,40.4069254,-104.6863535
,Tal Anderson Field,Omaha,NE,Omaha,Summit,1500,2021,[44],41.23457459999999,-96.0184227
,J. L. Johnson Stadium,Tulsa,OK,Oral Roberts,Summit,2418,1977,,36.0494887,-95.948467
,Koch Diamond,St. Paul,MN,St. Thomas,Summit,250[45],2006,,44.954983,-93.1462529
,Erv Huether Field,Brookings,SD,South Dakota State,Summit,600,2008,,44.32242660000001,-96.77722270000001
,Beaver Field at Jim and Bettie Smith Stadium,Boone,NC,Appalachian State,Sun Belt,1000,2007,[46],36.2111108,-81.6927826
,Tomlinson Stadium–Kell Field,Jonesboro,AR,Arkansas State,Sun Belt,1200,1992,[47],35.8428242,-90.668392
,Springs Brooks Stadium,Conway,SC,Coastal Carolina,Sun Belt,5500,N/A(Rebuilt 2013),,33.7928031,-79.01745749999999
,J. I. Clements Stadium,Statesboro,GA,Georgia Southern,Sun Belt,3000,2005,,32.4287969,-81.7816806
,Georgia State Baseball Complex,Decatur,GA,Georgia State,Sun Belt,1092,1986,,33.6876923,-84.27919860000002
,Eagle Field at Veterans Memorial Park,Harrisonburg,VA,James Madison,Sun Belt,1200,2010,,38.4460382,-78.8773198
,M. L. Tigue Moore Field at Russo Park,Lafayette,LA,Louisiana,Sun Belt,6015,1978renovated 2017,,30.213099,-92.04165499999999
,Warhawk Field,Monroe,LA,Louisiana–Monroe,Sun Belt,1800,1983,,32.5322574,-92.0634407
,Appalachian Power Park,Charleston,WV,Marshall,Sun Belt,4500,2005,,38.3482095,-81.62527639999999
,Linda K. Epling Stadium,Beckley,WV,Marshall,Sun Belt,2500,2010,,37.8150668,-81.1657652
,Bud Metheny Baseball Complex,Norfolk,VA,Old Dominion,Sun Belt,2500,1983,,36.8838422,-76.3097149
,Eddie Stanky Field,Mobile,AL,South Alabama,Sun Belt,4500,1980,,30.6916263,-88.18431720000001
,Pete Taylor Park,Hattiesburg,MS,Southern Miss,Sun Belt,4300,1985,,31.3335725,-89.3380978
,Bobcat Ballpark,San Marcos,TX,Texas State,Sun Belt,2500,2009,,29.8879632,-97.92825189999999
,Riddle–Pace Field,Troy,AL,Troy,Sun Belt,2000,1931,,31.7982637,-85.952973
,Washington Trust Field and Patterson Baseball Complex,Spokane,WA,Gonzaga,West Coast,2300,2007,,47.66270979999999,-117.3989089
,George C. Page Stadium,Los Angeles,CA,Loyola Marymount,West Coast,1200,1983,,33.9666448,-118.4143933
,Klein Family Field,Stockton,CA,Pacific,West Coast,2500,2006,,37.9753026,-121.3159166
,Eddy D. Field Stadium,Malibu,CA,Pepperdine,West Coast,2000,1973,,34.0403085,-118.7109504
,Joe Etzel Field,Portland,OR,Portland,West Coast,1000,1988,,45.5736357,-122.7292523
,Louis Guisto Field,Moraga,CA,Saint Mary's,West Coast,1100,2012,,37.8420163,-122.1118128
,Fowler Park,San Diego,CA,San Diego,West Coast,1700,2013,,32.7757645,-117.1833515
,Dante Benedetti Diamond at Max Ulrich Field,San Francisco,CA,San Francisco,West Coast,2000,1953,,37.7769911,-122.4476556
,Stephen Schott Stadium,Santa Clara,CA,Santa Clara,West Coast,1500,2005,,37.3485007,-121.9315464
,Crutcher Scott Field,Abilene,TX,Abilene Christian,Western Athletic,4000,1991,[48],32.4728976,-99.7068087
,James W. Totman Stadium,Riverside,CA,California Baptist,Western Athletic,800,2007[49],,,
,Brazell Field at GCU Ballpark,Phoenix,AZ,Grand Canyon,Western Athletic,3500,2018,,33.5124741,-112.1334617
,John Smith Field,Sacramento,CA,Sacramento State,Western Athletic,1200,1953,,38.5586042,-121.4267018
,Bannerwood Park,Bellevue,WA,Seattle,Western Athletic,300+,—,,47.5954567,-122.1634694
,Jaycees Field,Nacogdoches,TX,Stephen F. Austin,Western Athletic,1000,2009,,31.6345693,-94.6818237
,Cecil Ballow Baseball Complex,Stephenville,TX,Tarleton,Western Athletic,750[50],1988,,32.2116492,-98.2201017
,Bruce Hurst Field,St. George,UT,Utah Tech[52],Western Athletic,"2,500[53]",1994,,37.09884,-113.565416
,UCCU Ballpark,Orem,UT,Utah Valley,Western Athletic,5000,2005,,40.2772058,-111.717674
,Clay Gould Ballpark,Arlington,TX,UT Arlington,WAC,1600,1974,,32.721909,-97.13105829999999
,UTRGV Baseball Stadium,Edinburg,TX,UTRGV,Western Athletic,4000,2001,,26.3120282,-98.1763814
